<PAMDataset>
  <Metadata>
    <MDI key="DataType">Generic</MDI>
  </Metadata>
  <Metadata domain="Esri">
    <MDI key="PyramidResamplingType">NEAREST</MDI>
  </Metadata>
  <PAMRasterBand band="1">
    <Histograms>
      <HistItem>
        <HistMin>-0.5</HistMin>
        <HistMax>19.5</HistMax>
        <BucketCount>20</BucketCount>
        <IncludeOutOfRange>1</IncludeOutOfRange>
        <Approximate>0</Approximate>
        <HistCounts>0|12203957|1247812|729250|392151|229831|140043|100536|74755|55660|34145|35442|5911|5956|2247|1449|1715|4277|1113|11789</HistCounts>
      </HistItem>
    </Histograms>
    <GDALRasterAttributeTable>
      <FieldDefn index="0">
        <Name>Rowid</Name>
        <Type>0</Type>
        <Usage>0</Usage>
      </FieldDefn>
      <FieldDefn index="1">
        <Name>VALUE</Name>
        <Type>0</Type>
        <Usage>0</Usage>
      </FieldDefn>
      <FieldDefn index="2">
        <Name>COUNT</Name>
        <Type>0</Type>
        <Usage>0</Usage>
      </FieldDefn>
      <Row index="0">
        <F>0</F>
        <F>1</F>
        <F>12203957</F>
      </Row>
      <Row index="1">
        <F>1</F>
        <F>2</F>
        <F>1247812</F>
      </Row>
      <Row index="2">
        <F>2</F>
        <F>3</F>
        <F>729250</F>
      </Row>
      <Row index="3">
        <F>3</F>
        <F>4</F>
        <F>392151</F>
      </Row>
      <Row index="4">
        <F>4</F>
        <F>5</F>
        <F>229831</F>
      </Row>
      <Row index="5">
        <F>5</F>
        <F>6</F>
        <F>140043</F>
      </Row>
      <Row index="6">
        <F>6</F>
        <F>7</F>
        <F>100536</F>
      </Row>
      <Row index="7">
        <F>7</F>
        <F>8</F>
        <F>74755</F>
      </Row>
      <Row index="8">
        <F>8</F>
        <F>9</F>
        <F>55660</F>
      </Row>
      <Row index="9">
        <F>9</F>
        <F>10</F>
        <F>34145</F>
      </Row>
      <Row index="10">
        <F>10</F>
        <F>11</F>
        <F>35442</F>
      </Row>
      <Row index="11">
        <F>11</F>
        <F>12</F>
        <F>5911</F>
      </Row>
      <Row index="12">
        <F>12</F>
        <F>13</F>
        <F>5956</F>
      </Row>
      <Row index="13">
        <F>13</F>
        <F>14</F>
        <F>2247</F>
      </Row>
      <Row index="14">
        <F>14</F>
        <F>15</F>
        <F>1449</F>
      </Row>
      <Row index="15">
        <F>15</F>
        <F>16</F>
        <F>1715</F>
      </Row>
      <Row index="16">
        <F>16</F>
        <F>17</F>
        <F>4277</F>
      </Row>
      <Row index="17">
        <F>17</F>
        <F>18</F>
        <F>1113</F>
      </Row>
      <Row index="18">
        <F>18</F>
        <F>19</F>
        <F>11789</F>
      </Row>
    </GDALRasterAttributeTable>
    <Metadata>
      <MDI key="STATISTICS_MINIMUM">1</MDI>
      <MDI key="STATISTICS_MAXIMUM">19</MDI>
      <MDI key="STATISTICS_MEAN">1.5397996431348</MDI>
      <MDI key="STATISTICS_STDDEV">1.5229165575904</MDI>
      <MDI key="STATISTICS_SKIPFACTORX">1</MDI>
      <MDI key="STATISTICS_SKIPFACTORY">1</MDI>
      <MDI key="STATISTICS_EXCLUDEDVALUES"></MDI>
      <MDI key="STATISTICS_COVARIANCES">2.31927484138314</MDI>
    </Metadata>
  </PAMRasterBand>
</PAMDataset>
